{
  "vocabulary_size": 49,
  "n_pairs": 1176,
  "cosine_distribution": {
    "min": 0.5636332035064697,
    "p10": 0.6394780278205872,
    "p25": 0.6597943156957626,
    "p50": 0.6825912594795227,
    "p75": 0.7066760361194611,
    "p90": 0.7361213564872742,
    "p95": 0.7758602052927017,
    "max": 0.9510271549224854
  },
  "tau_m": 0.7361213564872742,
  "status": "FROZEN \u2014 not adjusted after this point"
}