{
  "baseline": {
    "Recall@5": 0.6958333333333333,
    "Precision@5": 0.23500000000000001,
    "MRR@5": 0.7291666666666667
  },
  "structured": {
    "Recall@5": 0.6958333333333333,
    "Precision@5": 0.22500000000000003,
    "MRR@5": 0.74375
  }
}